{"cameraMode":{"drawMode":0,"name":"Shaded","section":"Shading Mode"},"sceneLighting":true,"audioPlay":false,"sceneViewState":{"m_AlwaysRefresh":false,"showFog":true,"showSkybox":true,"showFlares":true,"showImageEffects":true,"showParticleSystems":true,"showVisualEffectGraphs":true,"m_FxEnabled":true},"in2DMode":false,"pivot":{"x":-0.9934082627296448,"y":-5.530537128448486,"z":-1.1605267524719239},"rotation":{"x":0.35574138164520266,"y":-0.06022067368030548,"z":0.02297714352607727,"w":0.932360053062439},"size":3.4904069900512697,"orthographic":false}